/*
 Navicat MySQL Data Transfer

 Source Server         : NhatPhi
 Source Server Type    : MySQL
 Source Server Version : 80026
 Source Host           : localhost:3306
 Source Schema         : congty

 Target Server Type    : MySQL
 Target Server Version : 80026
 File Encoding         : 65001

 Date: 04/12/2021 23:15:42
*/

SET NAMES utf8mb4;
SET FOREIGN_KEY_CHECKS = 0;

-- ----------------------------
-- Table structure for duan
-- ----------------------------
DROP TABLE IF EXISTS `duan`;
CREATE TABLE `duan`  (
  `MaDA` int(0) NOT NULL,
  `TenDA` varchar(45) CHARACTER SET utf8 COLLATE utf8_general_ci NOT NULL,
  `DiaDiem` varchar(45) CHARACTER SET utf8 COLLATE utf8_general_ci NOT NULL,
  `Phong` int(0) NOT NULL,
  PRIMARY KEY (`MaDA`) USING BTREE,
  INDEX `Phong_idx`(`Phong`) USING BTREE,
  CONSTRAINT `Phong` FOREIGN KEY (`Phong`) REFERENCES `phongban` (`MaPB`) ON DELETE RESTRICT ON UPDATE RESTRICT
) ENGINE = InnoDB CHARACTER SET = utf8 COLLATE = utf8_unicode_ci ROW_FORMAT = Dynamic;

-- ----------------------------
-- Records of duan
-- ----------------------------
INSERT INTO `duan` VALUES (1, 'Lap trinh web chan vit', 'Quan 5', 301);
INSERT INTO `duan` VALUES (2, 'Thiet ke nha nuoi bo', 'Thu Duc', 204);
INSERT INTO `duan` VALUES (4, 'Tra cuu thong tin nha quan 2', 'Quan 2', 202);

-- ----------------------------
-- Table structure for nhanvien
-- ----------------------------
DROP TABLE IF EXISTS `nhanvien`;
CREATE TABLE `nhanvien`  (
  `MaNV` int(0) NOT NULL,
  `HoTen` varchar(45) CHARACTER SET utf8 COLLATE utf8_general_ci NOT NULL,
  `NgSinh` date NULL DEFAULT NULL,
  `DiaChi` varchar(45) CHARACTER SET utf8 COLLATE utf8_general_ci NOT NULL,
  `Phai` varchar(45) CHARACTER SET utf8 COLLATE utf8_general_ci NOT NULL,
  `Luong` varchar(45) CHARACTER SET utf8 COLLATE utf8_unicode_ci NOT NULL,
  `MaNQL` int(0) NULL DEFAULT NULL,
  `MaPB` int(0) NULL DEFAULT NULL,
  `HinhAnh` blob NULL,
  PRIMARY KEY (`MaNV`) USING BTREE,
  INDEX `Phong_idx`(`MaPB`) USING BTREE,
  INDEX `MaNV_idx`(`MaNQL`) USING BTREE,
  CONSTRAINT `MaNQL` FOREIGN KEY (`MaNQL`) REFERENCES `nhanvien` (`MaNV`) ON DELETE RESTRICT ON UPDATE RESTRICT,
  CONSTRAINT `MaPB` FOREIGN KEY (`MaPB`) REFERENCES `phongban` (`MaPB`) ON DELETE RESTRICT ON UPDATE RESTRICT
) ENGINE = InnoDB CHARACTER SET = utf8 COLLATE = utf8_unicode_ci ROW_FORMAT = Dynamic;

-- ----------------------------
-- Records of nhanvien
-- ----------------------------
INSERT INTO `nhanvien` VALUES (18244429, 'Phan Duy Thinh', '2000-02-02', 'Lam Dong', 'nam', '6900000', NULL, 203, NULL);
INSERT INTO `nhanvien` VALUES (18344057, 'Nguyen Kha Banh', '2000-07-07', 'Bac Ninh', 'nam', '5670000', NULL, 302, NULL);
INSERT INTO `nhanvien` VALUES (18743331, 'Dang Thuy Kieu', '2000-01-06', 'Nha Trang', 'nu', '6100000', NULL, 301, NULL);
INSERT INTO `nhanvien` VALUES (19110111, 'Nguyen Kim Tuyen', '2001-03-01', 'Ben Tre', 'nu', '5900000', NULL, 102, NULL);
INSERT INTO `nhanvien` VALUES (19110365, 'Pham Dinh Quoc Hoa', '2001-01-01', 'Dak Nong', 'nam', '6000000', NULL, 203, NULL);
INSERT INTO `nhanvien` VALUES (19110426, 'Vo Nhat Phi', '2001-04-17', 'An Giang', 'nam', '6000000', NULL, 301, 0xFFD8FFE000104A46494600010200000100010000FFDB004300080606070605080707070909080A0C140D0C0B0B0C1912130F141D1A1F1E1D1A1C1C20242E2720222C231C1C2837292C30313434341F27393D38323C2E333432FFDB0043010909090C0B0C180D0D1832211C213232323232323232323232323232323232323232323232323232323232323232323232323232323232323232323232323232FFC000110800E400C903012200021101031101FFC4001F0000010501010101010100000000000000000102030405060708090A0BFFC400B5100002010303020403050504040000017D01020300041105122131410613516107227114328191A1082342B1C11552D1F02433627282090A161718191A25262728292A3435363738393A434445464748494A535455565758595A636465666768696A737475767778797A838485868788898A92939495969798999AA2A3A4A5A6A7A8A9AAB2B3B4B5B6B7B8B9BAC2C3C4C5C6C7C8C9CAD2D3D4D5D6D7D8D9DAE1E2E3E4E5E6E7E8E9EAF1F2F3F4F5F6F7F8F9FAFFC4001F0100030101010101010101010000000000000102030405060708090A0BFFC400B51100020102040403040705040400010277000102031104052131061241510761711322328108144291A1B1C109233352F0156272D10A162434E125F11718191A262728292A35363738393A434445464748494A535455565758595A636465666768696A737475767778797A82838485868788898A92939495969798999AA2A3A4A5A6A7A8A9AAB2B3B4B5B6B7B8B9BAC2C3C4C5C6C7C8C9CAD2D3D4D5D6D7D8D9DAE2E3E4E5E6E7E8E9EAF2F3F4F5F6F7F8F9FAFFDA000C03010002110311003F00F63C52E2814EAE04768DC518A900E28DB4C447454981587E2AF1043E1CD1E4BA7F9A53C469EA681A4DBB239EF881E305D1AD0D8DA498BB9072C3F805785DD5EB49296662CCC72493536B7AC4FA9DF4B733BEE9246C9AC569093CD6D4A95F566D39AA6B9516DEE885AA4C4C8D472E40ADAD27487B9704AF1F4AE86D5357314A555D9146DB4E92603835AD6FE1E2F8CA926BBAD27C2E0AA92BFA574F078615541C1AE596224F63BA1858457BC7962F8739FBA6A54F0E1FEE57AC2F87A3F43F9548BA0463B7E959BAB366CA9D1479645E19471F32E2B3F54F08FF001420F4ED5ECBFD871E31B6A45F0EC2EBC8E0D119D44C538516ACCF9BEF34D9AC9B0EA71EB5517835EF7AEF8321923638057D08AF27F1178665D2652E8A4C44FE55D54F11F66470D6C27DAA7B19DA67FC7D47FEF0AFA67C0AFE6F87E138C6091F957CC7A7BEDB98FF00DE15F51783E35B6F0CD98CFDE4DDF9D554F8C85FC16BCCE8F1462ABB5C00C066A753919A77306AC18A314B41E9412331494E34DA860CAC3AD4B510EB528AE446CC2932734EA690734C57149C57807C4EF1349A8EBB25AA3E6DED894551EBDCD7B178AF595D1340B8B927F78576C63D49AF9975379279DA6724B33124D5535CD2B1B4538C1CCA0EE5C927AD30727A51839C56A695A5BDEB8C29C7D2BB66D41184232A92B0FD2B4C7BA9570BC66BD5FC39E1F58E257912AB7873C3C90C6AF22E00E82BB9B5856340AA38AE09D47367AB0A71A30F327B5B58E251B56AE05CD11A8DA2A50BC5524AC73CA7723DB46DA7ED3498A64F30DC52EE2A28C5324071C531AD4CED427DFF002F6AE7752D361BD8992450CAC315D04D6D23B138AA2F132B608AC2A5D3B9DB49A4AC8F19D77C392E8BA82C8A09B766CA9F4AF41F0E78C9E2B38E1F3301142E2B5F50D362D4ACE4B79901561C1F435E477915C693A8CB6C411B188CFA8AD2137256B994E1183BDB43DC6DFC516EE0177E6BABD33508AEE10C8D9AF9DACB51918056273F5AF57F036BF1DC94B275DB201818EF5A424EF66635A9C1C2F13D0A83D28A0F4ADCF3869A6E29D4952D8995475A945422A55E95C88D98EA28CD14C93CB3E293CAF35BC6C4F923240F7AF25BE51B7A715EB1F13AE1249E38867720249AF21BC972E5474A7415E677CD25462436765F689D4638CD7A8787F48820B653B6B85D0A2324CBF5AF52B04F2ED505189A8EF636C2514A3CC69DAAE0E00E3B56CDB8E95956ABC8F4AD981A203975FCEB9E0EECBAECB4BC54E08C0E4555F3A2FF009EABF9D4724D1F6997F035D3738791B2FF0014CD9CD63CDABC707CA1C3558B7D6219101247E34292B8FD94D2D8D2094EF2D4F5359B26B102100104D4526AE0A1D9D7B53E740A9CDF434E69628C6CE338AC6B9452C71545E6B991B700D524267738607F1ACA53B9D34E938ABB64670335C578C34C8DE68EE401961835DBCF0C91F24715C9F8C58A69C8E3B31A85A33A229496A79E4ADE448429C5765F0EEEE56F135BEDC1EB9FA570ED209DB27AD777F0C222DE2357032150E7DABB2DB1C17DD1EEE08C525354F029D5573CF10D149452626561D6A45A8C75A916B9A26CC5A3345157624F22F89CE16F381CE3AD7914EF998D7B37C57509142D81C8EB5E3057CC9C0F538A787D1B3B6B3BD289D8784EC8CCEAC47039AF43450881476AC0F0B59F9368AC472456DDCB6C858E706B96BCAF23D2A11B412295E6AF341954E315892EBD78AE76C8D57DD0C84EEE6A092D6220E5056299BF2228FF006FDE7FCF43F9D1FDB778E71E637E74E6B4841C019A416D18E82AEE250261793BA06690935B7A7CF27D9D5B7139AC10B85C0AD3B4976C2AB50D9A59585BDBC923B8C6E273CD30788248383CD32F879928603B5654E819C8346A0D2B1D1DBF8C36B0570315D159EBB67345BF20135E5725AB9FB8726A5805E47F28CE3EB5B465639A74D33D5DAF21BA8D823827D335C8F8B232FA53AF719359165777703672C0E6B66E276D46D5D1C72475A1CB508D3E55A1E4B13959C83D09C57ACFC2DB52BA84D3638D98CD793DC2795A8C89E8E457B77C2EB775B29642B8562307D78AEFBDEC79695B9AE7A5AF4A3340E9450D9C21499A5A4C5026CAE2A45E951868F3C48B4EDC9FF3D0562A3635771F4533727FCF4146E4FF009E829D856679A7C5C8C8D2E0931FC58CD78D58C7BEEE318E370AF75F8AB662E3C32265917F74E095F5AF13D322CDFC43D58511D2E76417346373D6AC231159C60003E51505FDC28217D2AEC6BB23551D8565EA3633CBB9E3E4FA5704F567B14EC91466BE8E2ACBB9D61141C3734B73A4CEFCCAE549ED595368CE0F126EA718A7B8E6DAD89C6B1BDF009CD5A8EF0B1E5AB1D74D9A3604735612DE50C0938FA55CA0BA19C272BEA8D5F3CFAD6A58879114804D50D374C9AFA555553B73CB57A1E9BA3456F6C142F38E4D42837B173AB182D4E42E8F96BC8C1AC89183127A5751E22B12A4BC633EB5C75C8700919A56B32D494A37439678D5F04D6A5BBC720E319AE3E759D9F2035115C5DC0C0AEEAD146E8C5D4B3B58EE820AB968A30C0D72763ADCC485950E3A64D7456374B2CCBB0E41ACDDD334D1AD0F38D5A209AE4CBFF4D0D7D07E00B711F866D58AE095AF0DD5ADBCCF199871C34C38FAD7D23A7C11DAD94512602AA80057A54F58A3C5C47BADA2E5149B87F78534C8A3AB8AA71386C3E8A8C4A9FDF14BE627F7C52D81A30813EB4EDC7D4D37BD15CF73B476E3EA68DC7FBC69B451CC0737E3C05FC2F70064F4AF1FD163326AF6E83A9715EE3E21844DA25CAB0C8D86BC77C3B6FBBC45163A0626852DCE9A71BC558F4B030054B1A066C1A8EA584E1F35C6F73B5BB22C3E8B15DC44119AC1BEF0B4B196319CFA0AEBADAE9523C62A47B88DC74E6B7518D8E755AA2679D37872F4F551F9D3E2F0CCCCEA2460A3BD76D332F518AA8ADBA4C54B8A37555B24D36C62B489638946077F5AE8A188F95903B564C2420C9E3157C6A514698F6F5ADA9A8ADCE1ACE527A18DAA41976047078AE32FB4A7F30F96320FA57737D3473F2B58CE31260D633DCEEC3BB42CCE3CE97700E0424FD054D1E857B27FCBB103D4D76D02A0C702ACBCA0211ED490E53D763891A06C1FBEC03E82AED8D8C5038DA0F15A930DF9A8A35D86B36F5358BD0E4ADAC45CFC4B814A961E6026BDCC1DA807A579B787B4F47F1CCD74C7948B200F7AF46278AF4B0EEF13C7C5AFDE58786155656F9AA70476AA921CB56ECE78C4371A379F5A6E78A4AC9B2EC8688DFF00BA7F2A511B7F75BF2AD412FA28A7094FF74563CA89F69E464F94DFDD6FCA8F2D87F09FCAB5FCEFF645219783F28A3950BDA791C46B1A807F32D37613A37BD717616115B78814C438DA4D6D6A2CD2EA5718E4EF3FCEA8DA03FDAC0F70A6B92527767BB4A928C1336CB5024DA7351331C54465C566572DCD0170314F137BD66799EF53AB80B4D364FB344F3DCED5EB51C17691C6F2B9000AA970E5F005676A2596D1E2070CC3A51765C69AB58D43E208AE58A4532F1DA945D48C705ABCBA78AEE2B92CA594E7820D767A35F3CD64AB39FDEAF53EB56EF6263185ED63A459081D695C0752C0F22B84D73C457D6F75E5407620E338EB567C37ADDF5D4DB266DCA7D450F6B8ED1BD8EC619F1C13C8A98C85856534AC92E474CD5B498902A53138224638151F7A7B1C8A652634AC5EF0F6C5F10485880CD08C7BF35D99CE3A579B2CEF6DAC5BCC9F79067F5AF50B79C4D6F1C81461941E6BBB0D35CB63CCC745C64A456E476350488C5B8535ABB8FA0A43211D87E55D2E48E1F6864EC6FEE9FCA8D8FF00DD3F956A79A7D051E69F41F954683F6A414A3AD341CD3875AC04C5A0F43451401E6B3A95D42E59BFBE7F9D67D9B6ED509F635D16BD6861D425207FACF98573D656D3477E5DE360983CF6AE392B33E8A9494A9A66839E0D406A793A1A80D49426714798477A4351B1ED40D16A03BE404F34EBCB14BC5193B5877A86DE4080935219989E2989DD332E7F0FB042CB22B63B62B3006B672BD3E95D62CB1A2FEF64009F7ACEB8D323BC90B452A63EB430473D2C6B3B65D437D6AE5B15800F2D029F6AD68F478224C3480B77A51610A1E9D29875249149B6473D71CD2DB392719A7CC418303B0A8ADBAD48D17371A6163413C5275A05618632F701FD062BD274AFF9065BE7FB82BCFE04DCE07A9AF45B35F2ACE15C74515D386EA79D98BF76289E9AF4139A69AEB3CA1A7A526694D254B0B11AF4A70A6A9A7566534381CD14829681185E23B53242B328E57AD734BBC2E1862BB8BF8CCB68EAA3248E0572773697299DD0BE3D40CD73548EB73D4C255F779599CE09CD5765C1AB0CD8A888CF5AC8F411162A091B06AC9E0D5597EF505205938C1AAD75A808C148CFCDEBE955351D412D23209E4D73CDAA8763DEA945B13925B9B0D7324872CC49A5591D790C45617DB5C9F94E2956FE65239C8AAF66C9F688DF5B890303B8935AD6B7BE72ED63F35723FDAB8EAA054B16AF1AB025B69A5C8C6AA44EC4B718CD2C1F7EA9DA5CADC42AE083EF57611CE6A4B27A00C9A51D69CA39A4265BD3E232DF431819CB8AF42030A07A0AE53C3F0C4D721F6FCEA2BABE82BB2846CAE78B8EA9CD34BB09D290D293CD37AD6E7109D6929692A6E044BD69F9A8D4F34ECD677351D9A32692909C530B0A4E6919432918EA293269C9CD268363CFAF63305CCB191F75B02AA9635B3E2380C3A93B63E590645621AE46ACEC7BB4A5CD04C09AAB73C038A99C91DEA331990D49B2397D5F4FB8BB52C8391CE3D6B1EC7499E6980652B8EB915E8460017A0CD5458D5642C47E35A46A38AB2329D2527728DB68166AB9932C7DCD2CFA25A3AFEEFE5356A7938C29E2B3E59240DC3102973B29534675F685246098BE615CEB4722C8508390718AEBFCE9BFBE714CB7D2BED136F09D4F35519DB7227493D51368A1E3B450DE82BA380E40AA834F30C6A05598015159BDCD63B58B4B5A5A3DAADD5FAA3A928064D66A74AEA3C31002B2CC477DA0D5415E5630C4CF929B66F416B0C18F2D02FD05582D4DA2BB92B1F3EE4E4EEC09CD14514EE31A4E0526683D292A40841E69D9A8E96B24CD493B526690714555C05A7A74A60A912988C2F145A7996897007CC879FA571C6BD327896781E261C30C579F6A1652595C344E3A1E0FA8AE7AB1D6E7A581AB78F23339FEF54D6DDEA293EF53E06033589E8F424950E38AA1321C9AD61F353BECF19CE547341299CCC99A6601ED5D0CBA65BC838CA9F6A62E8F063EFB503E648C982D909E56B62DE10806140153258C31648049A94280318A64B95C69E9CD5638078AB1232AAD54DDB9A90E24E9CE00EF5DEE916DF65D3A34C7CC464FD6B95D0AC4DDDE2923288726BB80001815D1463D4F3730A9F610B45141AE8B9E5894941A295C621E94507A5148762B52E69B9A5CD64682D038A4CD19A603C1A7AD462A45E955102406B17C45671CB62D36DF9D3B8AD81506A1179D613A7AA1A728DD0E949C669A3CD2453BA9AA769A74D2047C55732026B88FA15A97566DA3834EFB41F5ACFF003B1D0D34DC1CD016344DD37AFE949F6A6F5ACC371EF479F9EF40AC6B0BBE7934FF00B40C564097BE69FE78F5A0395172590B1F6A75AC2F713AC683249E959AD292DC1AE93C1C03EAC81B9E0D5455E4913525C94DCBB1D869562B6368131F39E58FBD5EAB9E4AB0F4A8DADBFBA6BD1F62E2AC8F9A955E777641486AC0B66F514D681C76CD274E44F3220A2A4F21FD290C4C3B547248ABA236E9499A7B21EE29BB69F2B2AE531D69C013FC26B585AC60E768A788507F0D57D5FCC5ED9190118F63528B663D05696C51FC22A32C01F6AB54113ED5BD8AA2D481CD3FC851DEA4770471519638AD1518829B6359557A552D46E56DEC2673D948AB0EF8EF5CC7892F398ED877F98D29A8C22D9B518394D2392BD5C10F54CB66B42F58B2AC71C32CD23E76A44BB8FE559B3A5E5AC2D34FA6DF471AF56680802BC969B7A1EFF3A8E8D81A8C939A5F3184DE4982613EE09E498CEFC9191C7D29A8CD314586296491C90234425B23AF1ED8A567D8AF691EE267340CD10EFB97548219657652DB2342CC00EB9028858CECA90452CD230C848D0B363BF028B31F3C7B8A339A7019A6C6FBF6048A4791CED54552589F4C7E1524644881C0201EC4608A40A49801EB5ADA0DCC96BA846F1B00DEF58E64C04668E4547CEC764215F1D707BD4914EF0C903B43344241BE27742A1C7B1EF4E2DA77224E324E2D9EAD0788E18E226E4852A3391DEB3478C26BAB8021411459FE2E491FD2B923A909E28D5A199048A4C6EC842BE3D0F7AAFA748C6E19B9DA0D753C5C8E18E0293BB3D6EC6F85C405DC800753537DBAD704F9CA31EB5E7F0DF480E03909E99A4B9BFF00DD925BF5ADA38A4D1C6F02DBD19BFABF8A8C32186D40271F7CD51835ABE9232EF73B40E4F02B9C426772D9CD17ACE45BD8464EF9DB2F8ECB4DD66CE886169C55AC75D07882E678D5E2D8EA7BB0EB53FF006D5EFF00CF286B2E04586258D4600E055BF2D3FE7A8AA8CF4D4C2A53827A23A5F9FF00BE68C3E3FD61A33466BA0F3595646BB5C952AC076A83CEB895F94D83BF3D6AE6EEB50BE076E6A8D22D762943A8AA4D2C370E1594F193D454BE7CB226F8C0DBD81A8BC88E4BA2CE8AC7D48AB6C151700600A2E6AF95149CBCC79CAFAF3581E278C24F6CE075520D6EACC1E5603B563F8AD7E4B77C71923358D6D60CE9C3BFDEA393BB194F356492392304ABC6C548E3D4541E2BBBBC98E9309BA9BCB6B0864740E70E49E49F5E82A69C86565CF518ACABF37B7CD0B4A6206DEDD2DE3DA0F214F04D79D0925B9DB89A6E524D23B39AD3473F111267D5996F8CAA45A79248DC23C01BBA74E6B27C2EB750CBACEAD6568F753DB48D0C31A8CE4B4996C7E18AC57BDD41F5EFEDB2B00BCF39650983B385DB8F5E951C577AB2E9FF006113A5BC4677B876B72CACECC7B9F4157CD1EE717B0ACB44B73AAB25FEC1F1F6ACFB311A58CB76808E3692AC47E60D59D06D22D27C45737ACAA60D46754B120F547532363E9D3F0AE4DF54D559503982465B292CBCD7C976472393CF518A643A8EB113E8CCD2C120D28110AB0386C8C73F87145E3DC52A35DBD8D2F0FB67C5B647FE9EE5FE4D59AB99374519065966648C67A92E40A7D94D75637305E43E51B98A4326181DA49CE7F9D4925F4E6FEDEFA1D274986E619BCD0E88C0B1C1EBCFBE7F0ACDD99DBFBC84934AFA1D1F896CAE0787EEAD8593C7168E226B6948FF005CBB7127E5CD47A8DA36B7E18D234CB718BC86D2DE743DCA37C8FF009641AE786A3AAC12CD706EDA679D1D268A66631B06EB819E31DAABC1AD6AD6FA8595D4725BAC96D69F635001C14F53EFD3F2AA4E271BA35D743ADD666B69A2D252D48304324D0291D0EC50BFD2A8C51AC670A315434CB5BE82CECEDA7922782D9A49158677317E4E7F5AD02C15893E9594DABE877E154E30B489E46D96A48E0D529673E504C826A9EA5A89F9224240CD514B87F38649E6AE106F53493E53A4B0C002A2D3EE05C6B17374E385F9233ED540DFF936D2367042F14DD36611D9AE7AB126B57A12B53AB17A3180697ED8DE958F6D36F356F350E644A9A47A28EB4A7A51457AC7CF11547275A28A65A2AE48B81534C7084FB5145433591936277798C7A93557C4E01D2D18F50E31F951456757E067551FE2A38894F5AAEDD0D145792CF68889E68CD14548099A3345140130E94B45140114DD05666E3F681F5A28A00EDADD435BA67D2A8DC13961EF4514C9473DA93913020D57865732024D1457743E1396AFC44D73339B7619AB96CE7ECC9F4A28A890E06A58392DC9AD3DC68A2B07B9ACB73FFFD9);
INSERT INTO `nhanvien` VALUES (19110463, 'Pham Van Thang', '2001-10-10', 'Gia Lai', 'nam', '6000000', NULL, 302, NULL);
INSERT INTO `nhanvien` VALUES (19120113, 'Ho Viet Trung', '2001-01-02', 'Da Nang', 'nam', '6000000', NULL, 102, NULL);
INSERT INTO `nhanvien` VALUES (19201093, 'Doan Nhat Nhat', '2001-02-04', 'Long An', 'nam', '6000000', NULL, 102, 0xFFD8FFE000104A46494600010200000100010000FFDB004300080606070605080707070909080A0C140D0C0B0B0C1912130F141D1A1F1E1D1A1C1C20242E2720222C231C1C2837292C30313434341F27393D38323C2E333432FFDB0043010909090C0B0C180D0D1832211C213232323232323232323232323232323232323232323232323232323232323232323232323232323232323232323232323232FFC000110800E400C903012200021101031101FFC4001F0000010501010101010100000000000000000102030405060708090A0BFFC400B5100002010303020403050504040000017D01020300041105122131410613516107227114328191A1082342B1C11552D1F02433627282090A161718191A25262728292A3435363738393A434445464748494A535455565758595A636465666768696A737475767778797A838485868788898A92939495969798999AA2A3A4A5A6A7A8A9AAB2B3B4B5B6B7B8B9BAC2C3C4C5C6C7C8C9CAD2D3D4D5D6D7D8D9DAE1E2E3E4E5E6E7E8E9EAF1F2F3F4F5F6F7F8F9FAFFC4001F0100030101010101010101010000000000000102030405060708090A0BFFC400B51100020102040403040705040400010277000102031104052131061241510761711322328108144291A1B1C109233352F0156272D10A162434E125F11718191A262728292A35363738393A434445464748494A535455565758595A636465666768696A737475767778797A82838485868788898A92939495969798999AA2A3A4A5A6A7A8A9AAB2B3B4B5B6B7B8B9BAC2C3C4C5C6C7C8C9CAD2D3D4D5D6D7D8D9DAE2E3E4E5E6E7E8E9EAF2F3F4F5F6F7F8F9FAFFDA000C03010002110311003F0098B1C9E69371F5A4EE68AFA03E2C5DC7D68DC7D6928A005DC7D68DC7D6928A005DC7D68DC7D6928A005DC7D68DC7D6928A005DC7D68DC7D6928A005DC7D68DC7D6928A005DC7D68DC7D6928A005DC7D68DC7D6928A005DC7D68DC7D6928A005DC7D68DC7D6928A005DC7D68DC7D6928A005DC7D69F9351D3E980CEE68A3B9A2900514514005145140051454571730DAC2D2CCE1117A9349B495D9518B93B2DC96A8DFEAF69A72666906EEC83926B99D4FC5D2C85A3B11E5A74DE7EF1FA7A572B3DC4B2B9791D9989C924E735C7571896903D6C365727EF55D3C8EC27F1A2C6DFBB8030F734A9E368DE260D6C51F1C10D919AE198FCC7349BC835CBF59A9DCF47FB3F0FFCA77173E322AC7ECD1AB0F561D38AA2DE33D437FDD880F4DB5CB6F3D7341727AD2788A9DCB8E0A82FB27636FE379F7012DAC6E3FD93B7F9D6ED978974EBC2A8D218243FC328C03F8D7990356564F946471FCEAA38AA91F333A996D09AD158F5C0430041041E84515E71A6F886F74D65C39921FE28DCF1F81ED5DB699AD5A6AABFBA6DB28EB1B75AEEA5888D4D36678B89C054A3AAD51A345145741C2145145001451450014FA653E980CEE68A3B9A290051451400514504E281905DDDC5656ED3CC70ABFAD79F6ADAB49A9DD6F9188881C2A0EC3D7EB5A9E21BD92FAEC4319FDD47D3DCD610B469543E30A4F1F4AF2B115DCDD96C7D360304A8C39E4BDE6559177608E01E83D0542576FCDF955E58093B4F231FA5472C609231D3AFB7B5731E858A0C39CE29A473561D371000EA68F278CE3AD022BE2800F3ED5218CF6A511F009CF2483400C51C735291C900FCBDBFA53594100853903E6FCE9E830A73DBDA801D9C9C1CE7D0F63524334B6D32CD0BB21072A41FCA9CB1637EE5F9B271F875A9254C460EDEB907F0FF00F59A13B0593D19DDE81AE0D56131CBB45CC606E00FDE1EA3FAD6CD79659CF259DC25C42C55D1B2BFE06BD274EBE8F51B18EEA3E8E391E87B8AF530D5B9D72BDD1F399860FD8CB9E3B32D514515D47981451450014FA653E980CEE68A3B9A290051451400556D426FB3D8CB27A0ED566B3B5CCFF65C98FEF2E7F3159D576836746162A55A29F738A6DF2107B31C939F4AB0258C2BC4148D9514A02C2C3A7663E99E7FA565ACC5242C4927BFB578A7D81B4B687CB3C67200FF000FF3ED550DB651C6DE7AE7F122A1B7D51D64DC307702307F2ABD05C2C92678C0504FD07F9FD695D072B657874DF31F18215177C87D31CE3FA5493D9E106136FB1F4C574288B0DAED00069861B8FE1CFF0053FCE9274882BB15E38551FE7F0FCEA7991AF2E872B159191D48180324F1D286B225D4283CF38FD2BAAB7B4885BC8FD0367E6FA103FA9A805B20667DBDB6014730726872B2DB957381C74FC2A1F2D829DA3B575371A67FA3170392DB718FAFF5358B7B17933954E54165E0751D2A93B99CA252120319049C7A7E18A7AB6E1B0F23CB3D7D6A071F39FE9488F8653BBD47EB4C9B58BAC06DDC49666393FCFF00AD743E10BB68AEA6B273857F9D47A11D6B9CF306C1EC98E7D7A56AF86F79F128206402C0FE46B6A0ED511CB8E846542499DF514515EC1F241451450014FA653E980CEE68A3B9A290051451400557BE87ED1633440024A9C67D4723F5AB145294799345C26E12525D0E02F611BB03EEB29520F626B9F9D5964607839ED5DEEBBA4BB06B8B652C4F2C8073F515C63DB4D3BBB246CC5397C0276FD6BC4AB074DD99F6187AD1AF152895766D0091DB357AC6744055C9DACC371F400D7592FC3FBBB8D32196D9816910390DC1E9C0FD6AF697F0BE4BAB722EEE1AD580E0F5CD73F32676AA725B192DA95ADC6A19594B22A6D1CFB83FE7E95A7730E6253F2B0518001EADD4FE5834B73F0AEEADE43F64BE0E83A3114CB5F08EB30B98DA65618C6467A54B68D21716509169CAA49F94E157B90093FAF26A24221803C982C0927DD8F1F90C62B5E6F0A5FC9B5F7001064007BD73DA8E85A8DC36C5DC0670171CD2525D4A945DB42DDFDFDADB69A01954CB93DC139EB93F8D71F3DDAC8DC0057F87DBFCE2B7C7807569E10E4E327EE9AB3FF0ADAFD6D83B4E81BB81CE2B4528A30709367113B6D38EE462A20B81F370474AE9AE3C237761228D9F6876F4E157EB593A969175A7AABDCA85DFD302A9495F426506B56558DB193D4035DC784F4A7B5B76BC9C1124C3E407B0ACDF0C78785DC4B7D75FEA777EED3FBD8EFF004AEDC0C00070057A785A0D7BF23E7732C6A7FBA87CC28A28AEE3C40A28A2800A7D329F4C06773451DCD148028A28A0028A28A00B16500B8BC8E32A581392075200CE3F4AD6B7D22CEDFC49752C36A234B9B68D9D08FE20CC3A7D315434520EB16C0F7623F435D0DC330D66295882B242547B6D6E9FF8F578F98C9F3A47D4E4708FB072EB72CDCDB3FD936DB80081F28F4AE3A7F0ADD6AD697EB7F712B5DC884405C9F2E23F41FCCE4D7A1DB9DCA33560C09D4806BCF8AD6E8F6A4F4B1E4FE15F05EA7A78BC9EF2730DC3802016EFD0E7393D88ED835DD5959CD1C4AF718F37A301D0FBD6DF943A0502AB4ECA9C539ABEE3A7A68824862FB2960A338AC04859BCF68A20F2A0CA2138DC7EBDAB7A439B4624718AC3B09F75C91DF383512DD1A24ECCE77C43E12BED53430C6F5BFB5849B995DB116DC11B540E0632393CFBD61DB784EF74DD310A5DC8350DE59BC9276E0FF0F3C7FF00AEBD6FC80E0645396CE21F31419AD2EED632492776713A4E9774F6D9BD501F1F5AC1F1858A3E9734581BB2A01F4E457A65E158E36C74C579F788375C66341B999D401FF02150B4654B544708B4B561A6C1202F6F1AE5318C0F5A93BD59976C8A2E1A154936ECF5E98EF558F5AF7703394E95E47C8E734A9D3C45A0ADA6A145145761E405145140053E994FA6033B9A28EE68A4014514500145145005ED1CA8D5ADF71C7CD807F035D4DE5B31B759BA18D8B30C7AF5C5712A4AB06538607208ADE8FC5738B630CB6E923152A5B38CD79D8DC34EA494A3A9EF6558EA5469BA751D8E92CE5CA8C9AD3421875AE774C9C4B02303D40AD98E5E2BCA574EC7D1A6A6AE8B67007158F72C1A73971B471835A6189522B92F127871F5B9117ED334312B06DD04851D48FE7449974F46748EB1FD8CE5C6315CA8C5BDF79C8E366F01866A7BBD1B5168D6DA0D4088B66097E5B3F5EF583A57852FECAFE532DC3CC8CF9DD2C849FA018C0A968D63B1E8F09578D5810411D695D82AE2ABD9A7D9ED95376714D9E4F949AAB98F5333549FF76541AE4BCB32DFAE71F212E7774ADCD465EB9358B6B751C33CAF2465F70007B528425395A28552AC29479A6EC849A4CDBC6B8207519EA7DEABD4B3CDE749BB000E800EC2A2AFA0C35274E928B3E2B30C42C4622538EC1451456E7105145140053E994FA6033B9A28EE68A401451450014514500145145006F6837236342C7953C7D2BA58640475AE274B0C6EF0BD76923F4AEA2DE7DC80F43DEBC1C64542B3B1F6595D57530D1BF4D0D6F3428FEB546EB55B2B2E279D158F45CF341DB2A1462769F7C564CBA358AC8CDF6489B273965DC7F33CD72B67A94E316FDE65A93C4DA5A65CCB966E02F1C7E34CB7F1069D772158EE103FA33006B325D334ECE7FB2958F6F916A31A35A4B843A744149E731814AECE894295B4675297031C1C83CD43713E10D451C715BC2A91A8555180074154EEA7C83CF145CE5333509B7679AC8073CD4B7B3992611AF4CFCC6A3AF572EA5BCD9F3B9E577EED25EA1451457A87CE8514514005145140053E994FA6033B9A28EE68A401451450014514500145145005FD1FFE42718F506BA29A1785BCD41B81FBCA3F9D6069CDF65B39EFB1F76586007D0BB807F4AEC554141903A57878FD6A9F5B93271C36BDCA70C892A028C2AD2461B824550BAB46898CB6C76B1E4AF66ACF7F109B67D9342E8C3DBFAD7123D63A3FB02939C8FC05452C4899E79F7AE726F1A451750FF9566CBE30698910C52313FEC9A6C15CE9AE678A05CB115CB5DEA2D3CCD141F89F4AA724FA8EA2FF00BC0618CFE757ADED520882A8FF001352CA2A18FCBC77E7934B57EDA35B8D422B52B9338755FA85247F2AA15ED65AFF0076D799F2D9EA6AB45F90514515E81E18514514005145140053E994FA6033B9A28EE68A401451450014514F8A196E2511431B4921E8AA32686EDB8D26DD90CA7471C9348238A36773D15464D755A5F81EE270B2EA127929FF003CD7963F5F4AEBECB49B2D363DB6B02A1EEDD49FC6B96A62A31D23A9E850CBAA4F59E88E623F0FCC9E0ABCB7913FD2588B954EB86421947D7E5FD6B421659614753F2B2823E86BA24C6EC561C96E2D6568946107DD1ED5E4D76E52E667D36162A9C391742091322A07B58DFEFA03F855C3C8A8C903AD60751973E990373E5AFE55464B2863395403F0AE824910AF5159974C9C81C9352D148C5913E6C01C53318ED5A6B66CE092319A8E4B5DA318A456827866D1AE3C5369205CC76EB248E7D32A547FE855575AD16F2C2F267F259ADCB96575190013DFD2BB4F0BE99F64B292EA45C493F4CF6515AFB013861953D735E8616A3A4AE7919861E389D3B1E3D457A26B3E0CB6BDCCF6456DE73C95C7CADFE15C35FE977DA6C852EADDD3D1BAA9FC6BD4A75E153667CDD7C254A2F55A772A514515B1CA1451450014FA653E980CEE68A0F5AB763A65EEA526DB4819FD5BA28FC6A5B4B565463293B455D9529F0C32DC4823863691CF45519AECF4FF0002C630F7F7058F78E3E07E75D4D9E9D69A7C612D604887720727F1AE59E2E2BE1D4F468E59525ACF4471BA5F822E27DB26A127929FF3CD796FFEB576761A5D8E991ECB4B754F56C658FD4D5BA46E95C352B4EA6ECF628E129525EEAD43349D41FAD281C5211C566748DA82FEDBCE8BCC51975A9A6956189A4721554649AE2F51D5AFEEEEF7C723C7121F92307F53EF49AE61C2F7BA357348D823A516D2FDBA1F30AEC987DE5C75F7A718DB15838B4CEB8B4CCF9E35278E2A25840E82AF98093CD020C76A8B17D08D102C7D28B5B137974A98F973963ED5616DA490ED4527DFB5493EA91E910AC76E126B827E6F4157185D994A565A1D015548D5146001800532ABD8DFC7A85BACA9C1FE25CFDD356C74AE8D8E5B08A48EF492C692A959115D4F0430C8A53F7BEB4E3D690593DCE6B53F05D85DE5ED49B593D17943F8571BA9787B52D2C933405E21FF002D23E47FF5ABD5B38E31C7AD29008C1E4574D3C4CE1A6E8E0AF9752ABAAD19E29457A96A3E17D2F51CB341E54A7F8E2E3F4AE4354F06DFD82B496FFE9310E7E518603E95D94F1509E8F43C8AD97D5A5AEE8E729F4C390704608EA0D3F35D270B3B2D0FC1C00171AA2F3D441FE3FE15D8C50C70C61228D5107455181529E492692BC59D594DDD9F5B470F0A31B450DC734B8E29714B506E03A520E49A53D2900F6A431698EE15727A0EF4FAAF342F3385C8094C451B92D78DB402541E0536DF468C3EF9064FA56A470A4630A3F1A929DC6556B540000A063D2ABCB0E074E6B4B19A6B46ADD4526EEB504DA77327C92474A70878E9579A0E78A510F1D2A1415F5357534D0CC963775D8338ACA974B94C8485C8AEAD6155EDCD3C201DAAF42149985A7584B6B8954E1FB8EC7EB5B50CCB28E3861D54F514FC0F4A8A4B70E77292AE3A30A1B4C9DC9187CCB4EA895A4E04ABF303D474352D20023340E9CF5A0D1DE800A0E7D68A28031358F0CD96AE19CAF93718E2541D7EA3BD73DFF0AF6FFF00E7F20FC8D77A07AD4DC7AD6B1C45482B267254C151A8F9A48AE1B34119150C4C43153D41A9EB37B9D420E94B4D1F78D28EA6900B4519E68A06145145001476A28A0619A28A2800A7AF029BD69C062936219DE972693BD14C028A3B5140C28A28A00283476A0F03340805275751F8D2D0A3F79F85021E718A760D46C6A4CD2B0CA92828FBC763CD4AA411C50C3AD45192A761ED55D044A7AD20EB41EB4801249C5003F145145001451452185145140051451405C7AD38D35694D475023EF45293C9A4AB18514514005145140828C678A28CE2801AA69411926A304EF615229E2810B4FDE2A290E14D261A8025DA0E6A1651E603CF5A28AA8EC03CAFB9A555CB1A28A180E641EF4BB063BD145200D83DE8D83DE8A2800D83DE8D83DE8A290C360F7A360F7A28A621E107BD2941EF45159F5191EC1EF46C1EF4515601B07BD1B07BD145001B07BD1B07BD14500232E29368DB9A28A6222083CD3D7A53E251B45145002C8A3E51EF526D1451401FFFD9);
INSERT INTO `nhanvien` VALUES (20601851, 'Ngo Tuan Phong', '2002-10-10', 'Dong Thap', 'nam', '6000000', NULL, 302, 0xFFD8FFE000104A46494600010200000100010000FFDB004300080606070605080707070909080A0C140D0C0B0B0C1912130F141D1A1F1E1D1A1C1C20242E2720222C231C1C2837292C30313434341F27393D38323C2E333432FFDB0043010909090C0B0C180D0D1832211C213232323232323232323232323232323232323232323232323232323232323232323232323232323232323232323232323232FFC000110800E400C903012200021101031101FFC4001F0000010501010101010100000000000000000102030405060708090A0BFFC400B5100002010303020403050504040000017D01020300041105122131410613516107227114328191A1082342B1C11552D1F02433627282090A161718191A25262728292A3435363738393A434445464748494A535455565758595A636465666768696A737475767778797A838485868788898A92939495969798999AA2A3A4A5A6A7A8A9AAB2B3B4B5B6B7B8B9BAC2C3C4C5C6C7C8C9CAD2D3D4D5D6D7D8D9DAE1E2E3E4E5E6E7E8E9EAF1F2F3F4F5F6F7F8F9FAFFC4001F0100030101010101010101010000000000000102030405060708090A0BFFC400B51100020102040403040705040400010277000102031104052131061241510761711322328108144291A1B1C109233352F0156272D10A162434E125F11718191A262728292A35363738393A434445464748494A535455565758595A636465666768696A737475767778797A82838485868788898A92939495969798999AA2A3A4A5A6A7A8A9AAB2B3B4B5B6B7B8B9BAC2C3C4C5C6C7C8C9CAD2D3D4D5D6D7D8D9DAE2E3E4E5E6E7E8E9EAF2F3F4F5F6F7F8F9FAFFDA000C03010002110311003F00C19199C8238A61241EB48240A3E634CF355B81C578A7B2485CD349193EB51B30DDC1A696C60D1618E3C9CD287E0027AD465F0326A11270734AC04A4E0924D44491C0A63BE48148243919ED4EC029762D48E37107348D27078A60624500124807039A4D4750693C297564E7211D5D3D8679151920139359FAA7FC79C847422B7A0ED332AB1BC4C59FFE3CA2AADA70CDF27D6AC4DFF1E51543A60FF4D07D01AF416C714BE2459B93995AABC4B8467EECE1454D3F2ED8A61F964B78FBFDE34916CDF5E02FD2919B83499C63E94C66F94D666861BF32B9FF0068D1BB8A46FBA4FA934CCD5908BD647F795BE3FD58AE72CCFEF2BA153FBA1F4A896E5C4E6F566DD798F4AD4D0D703358F7A775EB56EE8A31113552F8498FC4CB97A7F72FF4AE67757457EDFB893E95CB6EA512A6F53D099CEE201148240074AABE78A699F8AF3EC755CB665F98E29C6556039AA624C83D680E7DFF002A2C172CB3E4609A87711CD359893D0FE54DC391F2AB1FC29582E3C3F27BD46646DDCD26CB807889FF00EF9A0C33107F76F9FA53B05C52F918EE6937614826810CE7FE58B1C7B5777A17806DF53F0BFF00685CCEF1DC499D8A3A000F7A2D713958F3F639CE2AADFE1AD1C01FC26BA5B9F0AEA16E661B376CE411DC57357705CAC120F2589E98033574D7BCAC4CDE861CA73631FE351699FF001F27E86B4C685AACDA7C663D3EE1C13F2ED8C9CD5983C1FE21B0DF35D68F79147B7EF188D7A09AB1C4D7BC8CCDBB89F7355836ED454F60702BB1F0E784EEB5970595A38C3618B0ED5D6EA9E03D2545B2C11189A36CB32F571EF597B68A7634E46F538582DA7BB9563B789E46C721466B4BFE118BE92CE49E328EC80E63C10C3F3AEC60D3A1B05DB0204FA77A9D4E5B7A8209E2A798A3C9E0F0EEA77304A56D990C4096F33E5FC0562E79C57B6CD1FDADA5B439597CBC918C1C1EE3D6BC7353D3E5D2F5096D64C9DADF2B63A8AD612E6225A05A1FDE0ADEDE45BE7DAB9EB53FBC15B6CF8B63F4A52DCA8B39D9896BA63EF5D3692316A0FAD72E0E6627DEBACD3D76D9A7D334E7B2153DD91EA0D8B694FB572F9AE8B533FE8B266B9AA71D8551EA7B2ADBC4807EED07FC0695A085B908BF955868C1A4080578CE4CEDB9079310FE01F950208F1F747E5536DC1CD3700D1CCC2E47E4C63F8452044ECA2A52081ED51B1C52E6621AEA0540579352364E6A22D93C9E68BB02190E0F15E93E199C49E128B9E519948FC6BCDDFAD761E09B90F657D6ACE0018700FE46B5A4FA11335C81248C1BEEFBD66697E1DB6B69A495944B233123238033DAAE5DC822C283C9E6AB26AD0D9B02D3C6653FC1BB9AC1C9DEC8D925BB3A0B588D9CF1C8A02ED3C0AEC65297160589E196B839B505B9B70F19F9AB6E2D51E3D061661D5B6935B51A8E29A6635A1769A39EBB1FD9F72D8501589E2A1BA459D3CC53DBAD63F893C4D1DB9791ED659A34600B27F013EB5774DB8335913FC2DC8F6A98A71926CB766AC8A6ECAC4A9EA2AAEF0B281C919ED566FA231481CB7E02A1641E586EF90722BBD1CC5CF103451F88F46962C0F32DE5538EEB80457377F1DB5F35DC3711A49183FC43A64763536A935C3DFC177B94A5BC0628D7DC9E4FE58AF38F10EAB791DC1816665DD967C1EB9AD611BEC64DDB733422C37D2C4AC1D51CA861DF06B46E1F16A7E958B66499864D695EB62DEADAD4717A19517327E35D840365B201E95C95A8CCABEEC2BAF5E221F4A26552337553FE88FEF5CDE7DEB7F576C5AB0F7AE7AAA3B19D4DCF76DBDB3519001C75352BA127AD406321C1CD78B63B800CE6999C1A56273C518C9E454B18AADB948A8A5183530E08C539D378071D2A6F624ABC95E9CD44F11CF4C55C0A40A8D959BAF6A5CC1733A504123B8AEABC330C76D64F700B3B38C11B715812C7B88C8C7BD74D692ADBD822AE7A7535AC65A06E178D2C8720019E2B88D35D34ED7EFF00EDB0ABA491BAFCCB96DC7A106BBD01DE23215217D6AB5BE9AD35E6F609B0739239AD28D4506EE8738F310784BED7245FE9449419DB91D457A4DAE9C9A97871AD41D8D9CAB7A1AC6D2B49925CB850919EE6BA48AFEC34AB7F2E6B844C7627935A51A7CD26DAD0CEB4EC925B9E31E22F0B6A7681EC2708D1B4C26F399BA9E9FCABA2D3EDCDB58A6065715DB6B1169FAFD8164955F672307915816506DB37461D09C53AEA5A2E82A524D5CC3BD28C99C6187EB5952CA429078157B5376B791F3D077AE6E7BEF9FE5618CFD6B5A2EF11545663755BC54B625F8C0E4E6BCA2F6E1AEAEE4958E7278FA5769E27BEF26C0A86CBBF15C2576525D4E5A8F5B13DA1FDE8ABD7EFFB91542DF87A9AF64C8029B5EF14B488582EE9D3EB5D5670B5CD6943372BEC2BA224EDA89EE694F631F586FDD81EA6B16B5B573C01EF593571D8CAA6E7BE32918CD46CA066A52E0F06A0958ED6C57867711FCAC4F18A76D1ED500383CD383F27D2A64809820CD49C62A246F9682FE9593130718351B1E6959F35133E3AD24492C5179F3A463AB1C57656BE15BA9DE3DDC442B98F0FEC9B5A8233EB9AF668001100076AEDC3D1E78DD90EAB86C635CE876C6C7C900E557822B1A0B048A54471F74F27D6BAABC9446BD0E7DAB9CB99C6F72335D5ECA2885524CE67C73E329B42BBB7B4B665894C7BB77AF6AF36D47C50D7731967BC7918FF0076BB2F1C5841ACDA04987EF50651F1D2BCBD7448EDDF63CCB9CF415D11B58CE499B7A0788AF9BC456D0E9F3CC43C804884F057BE7F0AF7EB68A37B58F728E45793F827C362DE613C56EC59C637B0C57B3C1643ECA815B042E294D29026E3B1E6FE34B27B14DD1B66373C67B7B579F79726E2770C9AF53F1CC3249A712C0E636F98015E71E5F719AE694BD9BB23A60B9D5D9CCEB1A25F6A32AB46F1EC03A13591278635141F711BE8D5DF88DB19033ED527921577350B1725A581E1E2CF3A1A26A100DCF6CD8F6E6AA5D5ADCAB7CD04800FF64D7A7347BCE074C537C9E067F9552C63DDA13C3E964CF3DD291967F9948E3B8ADB73C5756F6F1700229F5CAD20D26099726243F850F1717B8E345C51E6FAB1CB8159D5E9775E0FB2BAE5848A7FD93553FE102B3FF9F89BF215AC7174ADB984E8C9B3BB2A76D5794F1D7A54D920F5E2A9CF370D8AF36C755C8652CC703A546B26D623B62ABCB70C7A71481FDF9A6E23B1A4255F2FAD42F7213A11542594F406ABF9D94393CD67ECC562F9BC24F5AAF35C31CFA8AA9E6738A04873CF3F5AAE40B1D57834493EBB014FBAA0963ED5ED90102153ED5E39F0E62FF4DB99D8F0A9B47E35EAD6D701A1009E95DD415A27355DC96F675823DCDD0D7377F7105C6562196EF8ADCD40ADC4217AE2B220B54899C91F7856AC88B39F95792AE8194F5045568B4EB312868ECE156F5D8335BB35BE58F14D8A01BBDC54DCA64B631F900362BA2B49B7C39ED58C1084E3A5685AB148F02A93219CF78C24F2F4D998E39E39AF3135E91E313BF4D941EDCD79BE4051CF35CD88F88EAA1F08B1D48DCF0DDFBD300D8BB8D4880FD6B9D9B8AB18670A3B0A94C0DB940029CAB943918229125DA0019CF6A961714C3BB008C1EF52C50EDE40200A6A4AC8C4B10734F1721473DCF4F4A8771DC52187DDFC69B93FDDA7798A4E73C53F30FAFE952912D0E925E09ACB9261B88CF152C928C67359D2480938EF5D562121CDC9E39A865936BF14D793603B6A248E6B83B2246773D80CD095CA24924DC060D5473B78CD74365E12BE9CA79CEB167F847CCDF957476DF0F612035CC9263DCE3F4A695F440E2D1E78CE15335099323AD7A0DF687A369F3089B4CBCB90A339407069AF25ADBDB97B2F0B94C0FBD3425B9AD5516C913C05BE142E4FCB2B719F4AF4459CA8C29AF25B98757BC996448EEA2F448A1D816B634BB1BDB583CE79EE127EC1E427FF00AC2B68C7916ACCA74A4DDCF46F38F73514F22AE096038F5AF3F73AAC930923BE95E456E519C8523F0AA1368FAC5CCBBE4F9B3EB70714D34C9F60FB9E8BE68697682A73D3069B712C36C43CB22C7FEF1C579FDA685AFC2DBA2B88A339E85B762AC4DA578A2EBE497524118F4152EDDC3D933B54D6F4D67F2FEDB0E7D335723D66CD07C8FE67FBB8AE434FD16EE2804529374FDD9940C7D2AC49A4792419600BB8F50C41ACA55B95E86B1C326B734F58BBB3BEB69536C8A48C738C7F3AE065D2A4F30F965641EC6BAEB4D20DDCFE480658B1827038FC6AFDF784A582D1A4D3E589D9573B1C60D4F33A8AF629C214B4723CEA4B79D0ED789C01DCAD2A6D51D79ADABA8F58863F9ECD5B1DE36CD6033EF99E47610CAEDF70AFCA3F0EA2A391B427563D1DCB21D8629C0E5793548CADE6889F0AE3D1B20FD0D4B82003C9159B8D8B4EFAA2C15071C5232A861CD22C9F29C8A6EC4619C9C83C52B0EE3D982F4C1A4F3050415C13CE697FE0029A41732E49B2A403D6AB671DE98BBB39CF15774FB4FB5DEC711C1CF383EDEB5B588949455CD3D17C3726A5224971208603D013F33FD2BBBB5D160B4DB69A7DB2F9BDDB1D3EB56B48D161B2B44BB640D2B00119F9FF00F50AE934F48ADE1CAE0BB1CB37726AE1073D08856B479AC53B2D212C23DCDF3CC7AB1A7BC6C5B27F2AD0966520818E95019D15467AD75C69C62AC8C5D5949DD94A68242A0AE00EF54A581F6901B27D2B467BC053000AA892C8096C0F6A99245C64CCE92091065873546EDCA447E4E71C56DCB70CCA41ACDB81BD7181CFAD6525A1A27A946CEDF31E76F27AD585B7E7A73566DD060002AEC5102C38A851D0A72294368472CDC55B8E28C1E549157440A4738C53BF751AE78C8A76B137221247081B14E69DB3CE3B8C21BFDE3C573FADEB8B09F2A3CEEEE45608F14DEC6FF2C6CCA3D4D66E6AF6B1B428C9ABA3D2ED9A0B75CC81117DAB97F14F8A61597ECD6C599FA154EF5C8DCEABAB6A3263CD68A33D02F5A436C2DE22CCDBE6619624F26A6757DDE55A1B52C37BDCD2D4E8EC2F1AF109D9C0EE39A8751D22D3504C4F161FB3AF0C2B4FC316E60D380907CEDC93EB566FBCB07A8C9AE48C9C7638F1784F79CA923CB751D0EEB4B9CCA499AD73C381D3EBE95B7A2E9316BBA739B39C2DE41C490C87EF0EC41ADF946432E0329EC475AE774EB79744F19D9CF6D9FB2DD3794EBE99EDFD6BBE94A355DA471D3AED2B32ADDD8DD58CBE55C42D1B0F5155F68208CE0D7AECD6F05DC5E5DC462453C6D6E6B94D57C26884CB6079EF131FE469D4C34A3AA3AA15D4B4671C01C609A5DAFF00DE153C9049149E5C91B2B83CA91CD2F94FFF003CDBF2AC3959B5CC1B5B59EEE4F2ADE1791FD1466BA5D3BECBA1422E6ED0C92951FBBF53E9F4AEF61D2ACBC33E1E786DD479E536BCA7AB31E09FA570D79646F92494B000703D876AD6B2E469333A50F6F2F2455B8F1C6A77370AECC16353F714600AF49D2AFBED1610CA181DCA0F5AF199A0112B2601C1C67D6BA6D0B52B8B448EDA290F9640E0F38AA5349DCEAAB4972D923D28DC313C0A6162FD7AD66433CACA0939AB2B29EA6B6E6B9C9CB625284B53D9805C77A8C5C81D569924A0F20D210ACAA54E4D5071B98803A559797E4E298B1158B71EADCD27A8D68360E3AD5D8E4C1E07E3551012C076AB5BC2F0052B03266DCCB9CE2B1350BF78B291E73EB5A8EC4A30CF38AE66F19848CA4F7AE7AD271D11BD0826EECCB68DA690B39C9EE4D4F15B2797F7454802EDC647D690BB03D462B96ECEE161448D892B9C524D12CCE005EB510B8CC9803935A30A31D849E41A8774CB8BB1BF6645BD9AAB1C71C572FAB6A4D2DE6C8DBBF515635FD556D6CFCB89B3231181E95CE24BB9F79EBD4FD6AB9740A695EECD4B79E4802EF2597A1AD8D32259F52899704265FF002AE705C12707A1AEDF42B0363A71924FF592F201ECBDAB6C24652A88F3F32C35349548E8CBC97909B83112770EBC1AA5A8EAF6962E5267CB13C281CD6A2E9B35C4464591514818C0C926A97FC21F6B2CE6E65F39A52796DD5ED5CF2B632DB578EE2453040CCC3F8B667F5A9BEDD77FDD6FFBE6B7A3D312DE30803103DA9DF658FF00BA7F2A5CABB073338AD4353D56FE56FB5DB882CB68030D924D645D4E239A30A7E5604102BA182E4EA7A5DC41236FB8F2F70E31D2B86BF9F65CC433D1B15E6578B94EE7B3846942C886F9773A0F7CD5DB36313291DAAA48DBE61566123232703159BD8DCEE34EB8F360DC6AD6E3907358DA24A5A2207DD15ADE6000D75D3778DCF3EA2B4891A51823BD40B292E54F4AACF3664E3A54F0A3492E54122A9905BB788CF324606771ADCD474E020568C1F94608F6A76996290A090FDF3EBDAB542EE0433645691869A99CA5A9C82AED27D69E00CF5ADABED291D4BC4307B8AC2921789883DAA2D61A771CE84A9606B9AD472B2B67D6BA74CE306B9FD6206126477AE6C447667561E5AD8CA43BB3CE291F2A0F39A5F2CA28607EA2AB4B3E38C735CB63B48A266FB48F7ADF8A5D89963DAB0D54280FDEAE19B101C9E315325760D983AB5C9B8BFEA4EC352A60AE17A9E3029D67A4DE6B176C2D216725BEF765FA9AF48D03C2367A5209EE48B8B9EB923E553EC2BAE345CEC91153110A4B5DCC4F0DF85669A68EFF00514290819488F563EA7DABAB94EE9768E00AB73CD9181FA567CB27948E7F8BDEBBA9528D35647915EBCAB4AECA69E3AD3ECEEA6B1B84957C86DBB95721AB534BF18691AA5C8B78A47590FDD122E037D2B2069DA7DEAE6E61491F1F31C77A9ECF47D3A09D7ECF651EF0721B1C8AD4C2C75CB206E81697FE02BF9D526786D6DC975E10658D73FF00F09EE87EB2FF00DF06908E57C372A2EAC887A3C78C9EFDEB27C63E1DB9D3EE4DD431B4966CDB8328CECF634CB3BA163AADAB672559724F6ED5EAA8639A3F2E450C8E30411906B9DC1491DB1AAE9CAEB63C40B05917D76D588C12D9C5767AF7800C9706F34B23047301FE86B0A2D36686E445344C8C0F21862B927069D8EF8558C95D33734880C3A7AB1EAC7352DC4A14601A679DB6311FA5557DD24981935D51568D8E393E695C9E30D23AA8E49AEC34DB04B78019065CF26B1F45B021C4B28E074CD74E879033571467264AA838C03565530062A3407D6A60C41ED8AD118B62E0FA566DFD8ACAACE9F7BB8AD07936D4124EB8E453B5C4B439A56113B2B0E45676AACAF1123A8E6B4B549116F32463239AC5BA712C9E5273B856152378D8E8A72B34CE7EEA6CAF1FA567B48C53E7EA2B6EDB40D4AEAE36AC5B62CFDF73815D3E9DE0EB2B7C3DE37DA1FAEDE8BFFD7AE28519C9EC76CB11082D59C76996177A9A6DB581E453C6EEC3F1AEB34BF0584881D4A5DDDFCB43FCCD748A61B389638A358D074551802A4F372B9CD75D3C2C56B2386A6324F4891A436D636E21B585228C7F0A8C534C876F149273CB1C0A824B85030BC0AEA492D8E56DB77612CBB133DFF9565CA1AF2411A60E0E4F351EA5A94701D864C39E829BA75DC47853CFAB5311B3069B3245965503D01CD6959D9189B7BFCA075A82CDADC6D2D72377B1AD07910003CDE0FA9A2C573696B0A63495B6AAE41EB9A3FB3ADBFE7DA2FF00BE054F1B20438238EB8347DA62FEF5220F08B858EE3612596707E573D0FD7FC6BD03C3F7EF75A54426F96E62F9245F7F5AE02E2452402307E94ED1F5E7D335202566FB3B9DA73FC3EF582763AE51B9EC114A0C609EF556F2182E587991AB11D09EA2AB417292C4A55BAF4A95D8FAD5D93DCC55D6C63DE7876525A6B56DE3A943D6A3D2F4B65667B842A41E8474AE8E1930719AB04AB8C10083472A2D547D4A0ACAA0281D2A449F6F3D314E92C95B251B07D0D46B094652F9C2F4CFAD31A6997E199FABAE01E9EB564BAB2F5C1ACF59417E466926BCDAE1150B71544B459339C953DBBD5599D8C83602DED4FF002B72094B600EA295244C80A2825B4B633EF74296FE657694449819EE7353C1A4D9D8FCCA9BDC0FBEFC9ABB24E5484155EE241B09268B225CD94DEE0BCA71C006AEC2A5F049E315492D1D8798D22C6BD403C935279E917C85CB1FA5324BAD0F9EE235E4F73E82A2731DBB150DBB6F7350FDBB6A1D8719AA734F9C927EB40587CD71BD89AC5D47564B51B13E794F451DBEB55354D6C45986DCEE94F561D16B2EDAD9A46DCFB8B31C927A9A602C314D7372D24AC4B356ED95B1C8016A6B0D389DA4A6056A0B1DB8C7154912D91C7195C2E14558456CF209C520B5743B87CC6A449190FCE3F034C449E788FEEB114BF6DA72BC2FC6C19A5F2D3FB82958773CB2746206E40401C561DDC5212E36F04F0715B5E533924B0241E2A09ED9923257AE38CD729DC4BE19F139800D3AF1F6B03FBA763C11E95DC43A8EE032722BC9752B0328CAF0C393FF00D6A6E97E2BBBD208B7BC0D3400E14FF128FEB548CA48F6A86F5588157D65E0579F68FE24B1D4C036D70ACC064A1E187E15D4C17C19386E69A64346D4972B18009C16E0559B651716EA2501AB9F96E165C06E78E0D6AD86A30A421198023D6A9125D6B6850709CFD6A8839250F638CD5C6BB85D490C09ED54144C2562A179F5A62BB273BA1390DBE26183ED55DE4313E7B7506AB4F71F679F00E463E6CFAD437579E614C7A50162E24A662D33CF1C6BD80E5AA092EA356F94B3E3BB565348130A0E0AE73EF486703A9A2E16367ED048DCC7AD559A51BF20E6A93DEAB2E076AC8BCD7A1858C509F366E980781F53401B735EC76F1192570AA3D6B9EBAD52EB5195A28018EDFD7BB554586F7519834AC5BD06381F4AE86CB48F280333FE02A92136675A692CD8253F135BB6960B16198E5BD00AB71DB44A30323EB56161503FD6803DAA9226E09E77F08C54CA24DA599FA76A022852416FC682ACDD2A8090386C7EF318F6A523209DC1BF0A882678240FC2A4113AF4C11ED48084AE1B72F6ED537DA050769E0A9A8FCB1EB49858F3C64F2D0370598F1CD5595199483CE7A7B54A7A03B73FD2954650E467D2B90EE331ED801F329CFD6B3750D216E50955E715D048199D5093F3544E1B240C9C55213479DC96571A7DCFDA20778E45FE25E0D6EE91E3EBEB390477EA268BA6F030C3FC6B62E34E17272916E2DD715877BE16B92DB9630883A96AABA64389E8DA7EBB6BA8421EDE656C8CEDCF23F0AD386EF6B06041C7635E34DA63DBA0DB3B0646F95A362A56A4B2F196B3A55D182E3FD2E10460B0F9B9ED9A48868F74865B497122B9471CEDCF7ABCF7062844A4F6AF38D3BC496F7B12BC99B694F4590FF5ADB6D525684091CB228E39AA4C4D1A171705B3CF24E4D556BA5490277AC1BCF12595AB1F36E101FEE839358579E37B5573E44324A4700F4145C563B8967049626B22EF5B8A37291FEF1FD16B86B9F135F5F028CC614C7DD4EFF8D5AD22F2692665F243A2FA707145C766744D25E5F9DB23944FEE2F1F9D6AD96908800540CDDF8E0536C2F2C3E4FB4836E49C0F3463F5AEB6D2DE178F75BC8ACA4763907F1AD22AE4333AD2C4C7F741FC3A56C43110B9DA38EA6ACADBC88A0326D5F515238CC6429E3DAACCD8D8ADE361B9B27EB53AF963A47C547B0A05C9FC2A44C9383D3140098567CB70BDB14ED807DDA1A21D4139A40C57A9E940C6BAE41C8E69B04B8CAB74A93767AD407F772EE1CA9EB400F997056443900D2F9A9ED4A90999D911F6C43EF3FF0041EF4FFECDB6FEF49FF7F0D2634795ABB6F51B8F0C47E14AD2390573C29E38A28AE43B455E49240240CF4F6AD8D3B4CB6B8449240C4B01919E28A28065EBA8A2B450B0C6AB95CF4AC9BF02E6D4AB8015B82178A28A04CE4AE208CABA6DC057DA31E98AC84B58A6BD31C80B46AACE17B12381FCCD1455221997A9DECAD21B61B5625E02A8A812F2E447E58B89767F7779C51453258C0A1A519E73CF352228F31971C0E68A2819314057BF35D0696BE546B22121B145148A475765FBF741292E32783EFCD6B44BF657736CC6129C8F2CE07E5D28A2AA22923A0F0CEAD75A9583C9394DC8DB41518CD6E322BC45C8C11E94515BA39A5B91C64B1DC7AD28E84FAD14531013C52753CD1450004018A8E5E2334514013D98C594A475DED5079AFF00DE34515033FFD9);
INSERT INTO `nhanvien` VALUES (20787119, 'Lam Khanh Nhu', '2002-07-14', 'Ben Tre', 'nu', '5800000', NULL, 102, NULL);
INSERT INTO `nhanvien` VALUES (21447061, 'Hua Truong Tuan', '2003-11-05', 'Phu Tho', 'nam', '5600000', 19110426, 101, NULL);
INSERT INTO `nhanvien` VALUES (21501896, 'Dang Quang Sang', '2003-09-08', 'Tien Giang', 'nam', '6120000', NULL, 102, NULL);
INSERT INTO `nhanvien` VALUES (21883733, 'Ninh Van Thanh', '2003-01-01', 'Dong Nai', 'nam', '6000000', NULL, 301, NULL);
INSERT INTO `nhanvien` VALUES (22301455, 'Do Thi Na', '2004-06-06', 'Dak Lak', 'nu', '5500000', NULL, 203, NULL);

-- ----------------------------
-- Table structure for phancong
-- ----------------------------
DROP TABLE IF EXISTS `phancong`;
CREATE TABLE `phancong`  (
  `MaNVPC` int(0) NOT NULL,
  `MaDA` int(0) NOT NULL,
  `ThoiGian` date NULL DEFAULT NULL,
  `TienThuong` int(0) NULL DEFAULT NULL,
  PRIMARY KEY (`MaNVPC`, `MaDA`) USING BTREE,
  INDEX `MaDA_idx`(`MaDA`) USING BTREE,
  INDEX `MaNVPC_idx`(`MaNVPC`) USING BTREE,
  CONSTRAINT `MaDA` FOREIGN KEY (`MaDA`) REFERENCES `duan` (`MaDA`) ON DELETE RESTRICT ON UPDATE RESTRICT,
  CONSTRAINT `MaNVPC` FOREIGN KEY (`MaNVPC`) REFERENCES `nhanvien` (`MaNV`) ON DELETE RESTRICT ON UPDATE RESTRICT
) ENGINE = InnoDB CHARACTER SET = utf8 COLLATE = utf8_unicode_ci ROW_FORMAT = Dynamic;

-- ----------------------------
-- Records of phancong
-- ----------------------------
INSERT INTO `phancong` VALUES (19110365, 4, '2021-12-03', 800000);
INSERT INTO `phancong` VALUES (19110426, 2, '2021-12-04', 750000);
INSERT INTO `phancong` VALUES (19110463, 1, '2021-12-03', 680000);

-- ----------------------------
-- Table structure for phongban
-- ----------------------------
DROP TABLE IF EXISTS `phongban`;
CREATE TABLE `phongban`  (
  `MaPB` int(0) NOT NULL,
  `TenPB` varchar(45) CHARACTER SET utf8 COLLATE utf8_general_ci NOT NULL,
  `TrPhong` int(0) NULL DEFAULT NULL,
  `NgNhanChuc` date NULL DEFAULT NULL,
  `DiaDiem` varchar(45) CHARACTER SET utf8 COLLATE utf8_general_ci NOT NULL,
  PRIMARY KEY (`MaPB`) USING BTREE,
  INDEX `TrPhong_idx`(`TrPhong`) USING BTREE,
  CONSTRAINT `TrPhong` FOREIGN KEY (`TrPhong`) REFERENCES `nhanvien` (`MaNV`) ON DELETE RESTRICT ON UPDATE RESTRICT
) ENGINE = InnoDB CHARACTER SET = utf8 COLLATE = utf8_unicode_ci ROW_FORMAT = Dynamic;

-- ----------------------------
-- Records of phongban
-- ----------------------------
INSERT INTO `phongban` VALUES (101, 'tai chinh', NULL, NULL, 'tang 1');
INSERT INTO `phongban` VALUES (102, 'ke toan', NULL, NULL, 'tang 1');
INSERT INTO `phongban` VALUES (103, 'marketing', NULL, NULL, 'tang 1');
INSERT INTO `phongban` VALUES (104, 'The thao', NULL, NULL, 'tang 1');
INSERT INTO `phongban` VALUES (201, 'Hoi dong 1', NULL, NULL, 'tang 2');
INSERT INTO `phongban` VALUES (202, 'Hoi dong 2', 19110365, '2021-12-02', 'tang 2');
INSERT INTO `phongban` VALUES (203, 'Phong lam viec 1', NULL, NULL, 'tang 2');
INSERT INTO `phongban` VALUES (204, 'Phong lap ke hoach', NULL, NULL, 'tang 2');
INSERT INTO `phongban` VALUES (301, 'Phong lam viec 2', NULL, NULL, 'tang 3');
INSERT INTO `phongban` VALUES (302, 'Phong lam viec 3', 19110426, NULL, 'tang 3');
INSERT INTO `phongban` VALUES (303, 'Phong trien khai ke hoach', NULL, NULL, 'tang 3');
INSERT INTO `phongban` VALUES (401, 'Phong giam doc', NULL, NULL, 'tang 4');
INSERT INTO `phongban` VALUES (402, 'Phong chu tich', NULL, NULL, 'tang 4');
INSERT INTO `phongban` VALUES (501, 'Phong ket noi', NULL, NULL, 'tang 5');
INSERT INTO `phongban` VALUES (998, 'Phong chay deadline', 19110426, '2021-12-02', 'tang ham');
INSERT INTO `phongban` VALUES (999, 'Phong server', 19110426, '2021-12-03', 'tang ham');

-- ----------------------------
-- Table structure for taikhoan
-- ----------------------------
DROP TABLE IF EXISTS `taikhoan`;
CREATE TABLE `taikhoan`  (
  `TaiKhoan` varchar(45) CHARACTER SET utf8mb4 COLLATE utf8mb4_0900_ai_ci NOT NULL,
  `MatKhau` varchar(45) CHARACTER SET utf8mb4 COLLATE utf8mb4_0900_ai_ci NOT NULL,
  `MaNV` int(0) NOT NULL,
  `ChucVu` varchar(45) CHARACTER SET utf8mb4 COLLATE utf8mb4_0900_ai_ci NULL DEFAULT NULL,
  PRIMARY KEY (`TaiKhoan`) USING BTREE,
  INDEX `fk_maNV_idx`(`MaNV`) USING BTREE,
  CONSTRAINT `fk_maNV` FOREIGN KEY (`MaNV`) REFERENCES `nhanvien` (`MaNV`) ON DELETE RESTRICT ON UPDATE RESTRICT
) ENGINE = InnoDB CHARACTER SET = utf8mb4 COLLATE = utf8mb4_0900_ai_ci ROW_FORMAT = Dynamic;

-- ----------------------------
-- Records of taikhoan
-- ----------------------------
INSERT INTO `taikhoan` VALUES ('hoa', 'hoa', 19110365, 'nhan vien');
INSERT INTO `taikhoan` VALUES ('phi', '123', 19110426, 'nhan vien');
INSERT INTO `taikhoan` VALUES ('thang', '123', 19110463, 'nhan vien');

-- ----------------------------
-- Table structure for thannhan
-- ----------------------------
DROP TABLE IF EXISTS `thannhan`;
CREATE TABLE `thannhan`  (
  `TenTN` varchar(45) CHARACTER SET utf8 COLLATE utf8_general_ci NOT NULL,
  `MaNVTN` int(0) NOT NULL,
  `Phai` varchar(45) CHARACTER SET utf8 COLLATE utf8_general_ci NOT NULL,
  `NgSinh` date NULL DEFAULT NULL,
  `QuanHe` varchar(45) CHARACTER SET utf8 COLLATE utf8_general_ci NOT NULL,
  PRIMARY KEY (`TenTN`) USING BTREE,
  INDEX `MaNV_idx`(`MaNVTN`) USING BTREE,
  CONSTRAINT `MaNVTN` FOREIGN KEY (`MaNVTN`) REFERENCES `nhanvien` (`MaNV`) ON DELETE CASCADE ON UPDATE RESTRICT
) ENGINE = InnoDB CHARACTER SET = utf8 COLLATE = utf8_unicode_ci ROW_FORMAT = Dynamic;

-- ----------------------------
-- Records of thannhan
-- ----------------------------
INSERT INTO `thannhan` VALUES ('Dang Xuan Tri', 21501896, 'nam', '1966-04-02', 'cha');
INSERT INTO `thannhan` VALUES ('Luong Minh Trang', 19110111, 'nu', '1978-11-11', 'me');
INSERT INTO `thannhan` VALUES ('Phan To Nhu', 18743331, 'nu', '1967-01-01', 'me');
INSERT INTO `thannhan` VALUES ('Vuong Minh Tuan', 21883733, 'nam', '1998-06-07', 'anh');

-- ----------------------------
-- Procedure structure for deleteDuAn
-- ----------------------------
DROP PROCEDURE IF EXISTS `deleteDuAn`;
delimiter ;;
CREATE PROCEDURE `deleteDuAn`(IN MaDuAn int)
BEGIN
delete from duan where MaDA = MaDuAn;
END
;;
delimiter ;

-- ----------------------------
-- Procedure structure for deleteNhanVien
-- ----------------------------
DROP PROCEDURE IF EXISTS `deleteNhanVien`;
delimiter ;;
CREATE PROCEDURE `deleteNhanVien`(IN MaNhanVien int)
BEGIN
delete from nhanvien where MaNV = MaNhanVien;
END
;;
delimiter ;

-- ----------------------------
-- Procedure structure for deletePhanCong
-- ----------------------------
DROP PROCEDURE IF EXISTS `deletePhanCong`;
delimiter ;;
CREATE PROCEDURE `deletePhanCong`(in MaNhanVien int,in MaDuAn int)
BEGIN
delete from phancong where MaNVPC = MaNhanVien and MaDA=MaDuAn;
END
;;
delimiter ;

-- ----------------------------
-- Procedure structure for deletePhongBan
-- ----------------------------
DROP PROCEDURE IF EXISTS `deletePhongBan`;
delimiter ;;
CREATE PROCEDURE `deletePhongBan`(in _maPB int)
BEGIN
	delete from congty.phongban where MaPB = _maPB;
END
;;
delimiter ;

-- ----------------------------
-- Procedure structure for deleteTaiKhoan
-- ----------------------------
DROP PROCEDURE IF EXISTS `deleteTaiKhoan`;
delimiter ;;
CREATE PROCEDURE `deleteTaiKhoan`(in TenTaiKhoan varchar(45))
BEGIN
delete from taikhoan where TaiKhoan = TenTaiKhoan;
END
;;
delimiter ;

-- ----------------------------
-- Procedure structure for deleteThanNhan
-- ----------------------------
DROP PROCEDURE IF EXISTS `deleteThanNhan`;
delimiter ;;
CREATE PROCEDURE `deleteThanNhan`(in _TenTN varchar(45))
BEGIN
delete from thannhan where TenTN = _TenTN;
END
;;
delimiter ;

-- ----------------------------
-- Procedure structure for getDuAn
-- ----------------------------
DROP PROCEDURE IF EXISTS `getDuAn`;
delimiter ;;
CREATE PROCEDURE `getDuAn`()
BEGIN
SELECT * FROM congty.duan;
END
;;
delimiter ;

-- ----------------------------
-- Procedure structure for getDuAnByID
-- ----------------------------
DROP PROCEDURE IF EXISTS `getDuAnByID`;
delimiter ;;
CREATE PROCEDURE `getDuAnByID`(IN MaDuAn int)
BEGIN
 SELECT * FROM congty.duan WHERE congty.duan.MaDA=MaDuAn;
END
;;
delimiter ;

-- ----------------------------
-- Procedure structure for getNhanVien
-- ----------------------------
DROP PROCEDURE IF EXISTS `getNhanVien`;
delimiter ;;
CREATE PROCEDURE `getNhanVien`()
BEGIN
SELECT * FROM congty.nhanvien;
END
;;
delimiter ;

-- ----------------------------
-- Procedure structure for getNhanVienByID
-- ----------------------------
DROP PROCEDURE IF EXISTS `getNhanVienByID`;
delimiter ;;
CREATE PROCEDURE `getNhanVienByID`(IN MaNhanVien int)
BEGIN
      SELECT * FROM congty.nhanvien WHERE congty.nhanvien.MaNV=MaNhanVien;
END
;;
delimiter ;

-- ----------------------------
-- Procedure structure for getPhanCong
-- ----------------------------
DROP PROCEDURE IF EXISTS `getPhanCong`;
delimiter ;;
CREATE PROCEDURE `getPhanCong`()
BEGIN
SELECT * FROM congty.phancong;
END
;;
delimiter ;

-- ----------------------------
-- Procedure structure for getPhongBan
-- ----------------------------
DROP PROCEDURE IF EXISTS `getPhongBan`;
delimiter ;;
CREATE PROCEDURE `getPhongBan`()
BEGIN
	select * from congty.phongban;
END
;;
delimiter ;

-- ----------------------------
-- Procedure structure for getTaiKhoan
-- ----------------------------
DROP PROCEDURE IF EXISTS `getTaiKhoan`;
delimiter ;;
CREATE PROCEDURE `getTaiKhoan`()
BEGIN
	SELECT * FROM congty.taikhoan;
END
;;
delimiter ;

-- ----------------------------
-- Procedure structure for getTaiKhoanByID
-- ----------------------------
DROP PROCEDURE IF EXISTS `getTaiKhoanByID`;
delimiter ;;
CREATE PROCEDURE `getTaiKhoanByID`(in _TaiKhoan varchar(45),in _MatKhau varchar(45))
BEGIN
	SELECT * FROM congty.taikhoan WHERE congty.taikhoan.TaiKhoan=_TaiKhoan and congty.taikhoan.MatKhau=_MatKhau;
END
;;
delimiter ;

-- ----------------------------
-- Procedure structure for getThanNhan
-- ----------------------------
DROP PROCEDURE IF EXISTS `getThanNhan`;
delimiter ;;
CREATE PROCEDURE `getThanNhan`()
BEGIN
SELECT * FROM congty.thannhan;
END
;;
delimiter ;

-- ----------------------------
-- Procedure structure for getThongTinPhanCongChiTiet
-- ----------------------------
DROP PROCEDURE IF EXISTS `getThongTinPhanCongChiTiet`;
delimiter ;;
CREATE PROCEDURE `getThongTinPhanCongChiTiet`(in _maNVPC int, in _maDA int)
BEGIN
	select phancong.*, duan.TenDA, duan.Phong, nhanvien.HoTen, nhanvien.MaPB
    from phancong, nhanvien, duan
    where phancong.MaDA = duan.MaDA and phancong.MaNVPC = nhanvien.MaNV
    and phancong.MaDA = _maDA and phancong.MaNVPC = _maNVPC;
END
;;
delimiter ;

-- ----------------------------
-- Procedure structure for insertDuAn
-- ----------------------------
DROP PROCEDURE IF EXISTS `insertDuAn`;
delimiter ;;
CREATE PROCEDURE `insertDuAn`(in MaDuAn int, in TenDuAn varchar(45),
in DiaDiemDuAn varchar(45),in PhongDuAn int)
BEGIN
insert into duan(MaDA ,TenDA ,DiaDiem,Phong) 
    values(MaDuAn ,TenDuAn ,DiaDiemDuAn ,PhongDuAn);
END
;;
delimiter ;

-- ----------------------------
-- Procedure structure for insertNhanVien
-- ----------------------------
DROP PROCEDURE IF EXISTS `insertNhanVien`;
delimiter ;;
CREATE PROCEDURE `insertNhanVien`(in MaNhanVien INT,in HoTenNhanVien varchar(45),
in NgaySinh date,in DiaChiNhanVien VARCHAR(45),in GioiTinh VARCHAR(45),
in LuongNhanVien VARCHAR(45),in MaNguoiQuanLy int,in MaPhongBan INT,in HinhAnhNhanVien BLOB)
BEGIN
insert into nhanvien(MaNV ,HoTen ,NgSinh ,DiaChi,Phai,Luong,MaNQL,MaPB,HinhAnh) 
    values(MaNhanVien ,HoTenNhanVien ,NgaySinh ,DiaChiNhanVien,GioiTinh,LuongNhanVien,MaNguoiQuanLy,MaPhongBan,HinhAnhNhanVien);
END
;;
delimiter ;

-- ----------------------------
-- Procedure structure for insertPhanCong
-- ----------------------------
DROP PROCEDURE IF EXISTS `insertPhanCong`;
delimiter ;;
CREATE PROCEDURE `insertPhanCong`(in MaNhanVien int,in MaDuAn int,in ThoiGianPhanCong date, in TienThuong int)
BEGIN
insert into phancong(MaNVPC ,MaDA ,ThoiGian, TienThuong) 
    values(MaNhanVien ,MaDuAn ,ThoiGianPhanCong, TienThuong);
END
;;
delimiter ;

-- ----------------------------
-- Procedure structure for insertPhongBan
-- ----------------------------
DROP PROCEDURE IF EXISTS `insertPhongBan`;
delimiter ;;
CREATE PROCEDURE `insertPhongBan`(in maPB int, in tenPB varchar(45), in trPhong int, in ngNhanChuc date, in diaDiem varchar(45))
BEGIN
	insert into congty.phongban values(maPB, tenPB, trPhong, ngNhanChuc, diaDiem);
END
;;
delimiter ;

-- ----------------------------
-- Procedure structure for insertTaiKhoan
-- ----------------------------
DROP PROCEDURE IF EXISTS `insertTaiKhoan`;
delimiter ;;
CREATE PROCEDURE `insertTaiKhoan`(in TenTaiKhoan varchar(45),in _MatKhau varchar(45), in MaNhanVien int,in ChucVuNhanVien varchar(45))
BEGIN
insert into taikhoan(TaiKhoan ,MatKhau ,MaNV ,ChucVu) 
    values(TenTaiKhoan ,_MatKhau ,MaNhanVien ,ChucVuNhanVien);
END
;;
delimiter ;

-- ----------------------------
-- Procedure structure for insertThanNhan
-- ----------------------------
DROP PROCEDURE IF EXISTS `insertThanNhan`;
delimiter ;;
CREATE PROCEDURE `insertThanNhan`(in _TenTN varchar(45),in _MaNVTN int,in _Phai varchar(45),in _NgSinh date, in _QuanHe varchar(45))
BEGIN
insert into thannhan(TenTN ,MaNVTN ,Phai ,NgSinh,QuanHe) 
    values(_TenTN ,_MaNVTN ,_Phai ,_NgSinh,_QuanHe) ;
END
;;
delimiter ;

-- ----------------------------
-- Procedure structure for updateDuAn
-- ----------------------------
DROP PROCEDURE IF EXISTS `updateDuAn`;
delimiter ;;
CREATE PROCEDURE `updateDuAn`(in MaDuAn int, in TenDuAn varchar(45),
in DiaDiemDuAn varchar(45),in PhongDuAn int)
BEGIN
update duan set TenDA = TenDuAn, DiaDiem = DiaDiemDuAn, 
Phong=PhongDuAn where MaDA = MaDuAn;
END
;;
delimiter ;

-- ----------------------------
-- Procedure structure for updateNhanVien
-- ----------------------------
DROP PROCEDURE IF EXISTS `updateNhanVien`;
delimiter ;;
CREATE PROCEDURE `updateNhanVien`(in MaNhanVien INT,in HoTenNhanVien varchar(45),
in NgaySinh date,in DiaChiNhanVien VARCHAR(45),in GioiTinh VARCHAR(45),
in LuongNhanVien VARCHAR(45),in MaNguoiQuanLy int,in MaPhongBan INT,in HinhAnhNhanVien LONGBLOB)
BEGIN
update nhanvien set HoTen = HoTenNhanVien, NgSinh = NgaySinh, DiaChi=DiaChiNhanVien, Phai=GioiTinh,Luong =LuongNhanVien ,MaNQL=MaNguoiQuanLy,MaPB=MaPhongBan,HinhAnh=HinhAnhNhanVien where MaNV = MaNhanVien;
END
;;
delimiter ;

-- ----------------------------
-- Procedure structure for updatePhanCong
-- ----------------------------
DROP PROCEDURE IF EXISTS `updatePhanCong`;
delimiter ;;
CREATE PROCEDURE `updatePhanCong`(in _MaNVPC int, in _maDA int, in _ThoiGian date, in _TienThuong int)
BEGIN
	update phancong set ThoiGian = _ThoiGian, TienThuong = _TienThuong where MaDA = _maDA and MaNVPC = _MaNVPC;
END
;;
delimiter ;

-- ----------------------------
-- Procedure structure for updatePhongBan
-- ----------------------------
DROP PROCEDURE IF EXISTS `updatePhongBan`;
delimiter ;;
CREATE PROCEDURE `updatePhongBan`(in _maPB int, in _tenPB varchar(45), in _trPhong int, in _ngNhanChuc date, in _diaDiem varchar(45))
BEGIN
	update phongban 
    set TenPB = _tenPB, TrPhong = _trPhong, NgNhanChuc = _ngNhanChuc, DiaDiem = _diaDiem 
    where MaPB = _maPB;
END
;;
delimiter ;

-- ----------------------------
-- Procedure structure for updateTaiKhoan
-- ----------------------------
DROP PROCEDURE IF EXISTS `updateTaiKhoan`;
delimiter ;;
CREATE PROCEDURE `updateTaiKhoan`(in TenTaiKhoan varchar(45),in _MatKhau varchar(45))
BEGIN
update taikhoan set MatKhau = _MatKhau where TaiKhoan = TenTaiKhoan;
END
;;
delimiter ;

-- ----------------------------
-- Procedure structure for updateThanNhan
-- ----------------------------
DROP PROCEDURE IF EXISTS `updateThanNhan`;
delimiter ;;
CREATE PROCEDURE `updateThanNhan`(in _TenTN varchar(45),in _MaNVTN int,in _Phai varchar(45),in _NgSinh date, in _QuanHe varchar(45))
BEGIN
update thannhan set MaNVTN = _MaNVTN, Phai = _Phai, 
NgSinh=_NgSinh,QuanHe=_QuanHe where TenTN = _TenTN;
END
;;
delimiter ;

SET FOREIGN_KEY_CHECKS = 1;
